{
  "code":200,
  "Data":{
    "projectData":{
      "id":"1",
      "typeid":"10",
      "shop_typeid":"1",
      "unitid":"2",
      "projecttagid":"3,4,5,6,7,8,9,10",
      "shopid":"1",
      "name":"\u65e5\u5e38\u4fdd\u6d01",
      "thumb":"http:\/\/sj.dkjis.com\/uploads\/projectthumb\/projectthumb20190717112743.jpg",
      "video":"",
      "describe":"\u65e5\u5e38\u4fdd\u6d01\u6d4b\u7b97\u51fa\u6d4b\u8bd5\u6d4b\u8bd5",
      "original_price":"5000",
      "price":"2900",
      "purchase":"100",
      "purchase_price":"0",
      "trade_num":"0",
      "service_length_time":"0",
      "service_areaid":"[\"1\"]",
      "service_time":"{\"start\":\"09:00:00\",\"end\":\"22:00:00\"}",
      "making_time":"",
      "advance_making_time":"0",
      "content":"",
      "ordernum":"0",
      "sort":"1",
      "status":"1",
      "created":"0",
      "modify":"0",
      "shopData":{
        "id":"1",
        "name":"\u5a04\u5c0f\u5305",
        "summary":"\u5a04\u5c0f\u5305\u6d4b\u8bd5",
        "notice":"1.\u5546\u5bb6\u5c06\u5728\u60a8\u4e0b\u5355\u540e30\u5206\u949f\u5185\u786e\u8ba4\u662f\u5426\u63a5\u5355\uff1b\n2.\u8ba2\u5355\u786e\u8ba4\u540e\uff0c\u4fee\u6539\u8ba2\u5355\u6216\u9000\u6b3e\u9700\u63d0\u524d2\u5c0f\u65f6\u901a\u77e5\uff1b\n3.\u9884\u7ea6\u65f6\u95f4\u524d2\u5c0f\u65f6\u5185\u9000\u5355\u5c06\u630930\u5143\/\u4eba\u6263\u53d6\u7a7a\u5355\u8d39\uff1b\n4.\u5982\u5546\u5bb6\u63a5\u5355\u540e\u723d\u7ea6\u5c06\u5168\u989d\u9000\u6b3e\u5e76\u5411\u60a8\u989d\u5916\u8d54\u4ed830\u5143\uff1b\n5.\u4e3a\u4fdd\u969c\u60a8\u7684\u6743\u76ca\uff0c\u6240\u6709\u8d39\u7528\u8bf7\u901a\u8fc7\u5230\u4f4d\u5e73\u53f0\u652f\u4ed8\u3002"
      }
    },
    "shopProjectCommentsData":[
    ],
    "shopProjectRelevantData":[
      {
        "id":"1",
        "typeid":"10",
        "shop_typeid":"1",
        "unitid":"2",
        "projecttagid":"3,4,5,6,7,8,9,10",
        "shopid":"1",
        "name":"\u65e5\u5e38\u4fdd\u6d01",
        "thumb":"http:\/\/sj.dkjis.com\/uploads\/projectthumb\/projectthumb20190717112743.jpg",
        "video":"",
        "describe":"\u65e5\u5e38\u4fdd\u6d01\u6d4b\u7b97\u51fa\u6d4b\u8bd5\u6d4b\u8bd5",
        "original_price":"5000",
        "price":"2900",
        "purchase":"100",
        "purchase_price":"0",
        "trade_num":"0",
        "service_length_time":"0",
        "service_areaid":"[\"1\"]",
        "service_time":"{\"start\":\"09:00:00\",\"end\":\"22:00:00\"}",
        "making_time":"",
        "advance_making_time":"0",
        "content":"",
        "ordernum":"0",
        "sort":"1",
        "status":"1",
        "created":"0",
        "modify":"0",
        "shopname":"\u5a04\u5c0f\u5305"
      }]
  }
}
