{
  "recommendBannerData":[
    {
      "data":{
        "title":"\u9996\u9875\u5e7f\u544a\u56fe1",
        "pic":"http:\/\/sj.dkjis.com\/uploads\/picthumb\/picthumb20190717103050.jpg",
        "desc":"\u9996\u9875\u5e7f\u544a\u56fe1",
        "url":"https:\/\/wx.dkjis.com\/"
      }
    },
    {
      "data":{
        "title":"\u9996\u9875\u5e7f\u544a\u56fe2",
        "pic":"http:\/\/sj.dkjis.com\/uploads\/picthumb\/picthumb20190717104231.jpg",
        "desc":"\u9996\u9875\u5e7f\u544a\u56fe2",
        "url":"https:\/\/wx.dkjis.com\/"
      }
    }],
  "recommendTelData":[
    {
      "data":{
        "title":"\u9884\u7ea6\u7535\u8bdd",
        "pic":"http:\/\/sj.dkjis.com\/uploads\/picthumb\/picthumb20190717130936.jpg",
        "desc":"\u9884\u7ea6\u7535\u8bdd",
        "url":"https:\/\/wx.dkjis.com"
      }
    }],
  "recommendHdData":[
    {
      "data":{
        "title":"\u6d3b\u52a8\u9886\u5238",
        "pic":"http:\/\/sj.dkjis.com\/uploads\/picthumb\/picthumb20190717131221.jpg",
        "desc":"\u6d3b\u52a8\u9886\u5238",
        "url":"https:\/\/wx.dkjis.com\/"
      }
    }],
  "typeData":[
    {
      "id":"1",
      "parentid":"0",
      "name":"\u4fdd\u6d01",
      "thumb":"http:\/\/sj.dkjis.com\/uploads\/typethumb\/typethumb20190716142311.jpg",
      "shopProjectData":[
        {
          "id":"1",
          "typeid":"10",
          "shop_typeid":"1",
          "unitid":"2",
          "shopid":"1",
          "name":"\u65e5\u5e38\u4fdd\u6d01",
          "thumb":"http:\/\/sj.dkjis.com\/uploads\/projectthumb\/projectthumb20190717112743.jpg",
          "video":"",
          "describe":"\u65e5\u5e38\u4fdd\u6d01\u6d4b\u7b97\u51fa\u6d4b\u8bd5\u6d4b\u8bd5",
          "original_price":50,
          "price":29,
          "purchase":"100",
          "purchase_price":"0",
          "trade_num":"0",
          "service_length_time":"0",
          "service_areaid":"[\"1\"]",
          "service_time":{
            "start":"09:00:00",
            "end":"22:00:00"
          },
          "making_time":null,
          "advance_making_time":"0",
          "content":"",
          "ordernum":"0",
          "sort":"1",
          "status":"1",
          "created":"0",
          "modify":"0",
          "typename":"\u4fdd\u6d011",
          "shoptypename":"\u4fdd\u6d01",
          "areaArr":[
            {
              "name":"\u5317\u4eac"
            }],
          "shopname":"\u5a04\u5c0f\u5305"
        }]
    },
    {
      "id":"2",
      "parentid":"0",
      "name":"\u4e0a\u95e8\u7ef4\u4fee",
      "thumb":"http:\/\/sj.dkjis.com\/uploads\/typethumb\/typethumb20190716142423.jpg",
      "shopProjectData":[
      ]
    },
    {
      "id":"3",
      "parentid":"0",
      "name":"\u5bb6\u7535\u6e05\u6d17",
      "thumb":"http:\/\/sj.dkjis.com\/uploads\/typethumb\/typethumb20190716143702.jpg",
      "shopProjectData":[
      ]
    },
    {
      "id":"4",
      "parentid":"0",
      "name":"\u642c\u5bb6\u62c9\u8d27",
      "thumb":"http:\/\/sj.dkjis.com\/uploads\/typethumb\/typethumb20190716143726.jpg",
      "shopProjectData":[
      ]
    },
    {
      "id":"5",
      "parentid":"0",
      "name":"\u4e0a\u95e8\u5b89\u88c5",
      "thumb":"http:\/\/sj.dkjis.com\/uploads\/typethumb\/typethumb20190716143812.jpg",
      "shopProjectData":[
      ]
    },
    {
      "id":"6",
      "parentid":"0",
      "name":"\u5373\u523b\u8fbe",
      "thumb":"http:\/\/sj.dkjis.com\/uploads\/typethumb\/typethumb20190716143844.jpg",
      "shopProjectData":[
      ]
    },
    {
      "id":"7",
      "parentid":"0",
      "name":"\u5bb6\u5ead\u7ef4\u4fee",
      "thumb":"http:\/\/sj.dkjis.com\/uploads\/typethumb\/typethumb20190716143935.jpg",
      "shopProjectData":[
      ]
    },
    {
      "id":"8",
      "parentid":"0",
      "name":"\u7ba1\u9053\u758f\u901a",
      "thumb":"http:\/\/sj.dkjis.com\/uploads\/typethumb\/typethumb20190716144113.jpg",
      "shopProjectData":[
      ]
    },
    {
      "id":"9",
      "parentid":"0",
      "name":"\u5f00\u9501\u6362\u9501",
      "thumb":"http:\/\/sj.dkjis.com\/uploads\/typethumb\/typethumb20190716144153.jpg",
      "shopProjectData":[
      ]
    }],
  "extime":1563426886
}
