{
  "Data":[
    {
      "id":"1",
      "name":"\u4fdd\u6d01",
      "thumb":"http:\/\/sj.dkjis.com\/uploads\/typethumb\/typethumb20190716142311.jpg",
      "sontype":[
        {
          "id":"10",
          "name":"\u4fdd\u6d011",
          "thumb":"http:\/\/sj.dkjis.com\/uploads\/typethumb\/typethumb20190717112953.jpg"
        }]
    },
    {
      "id":"2",
      "name":"\u4e0a\u95e8\u7ef4\u4fee",
      "thumb":"http:\/\/sj.dkjis.com\/uploads\/typethumb\/typethumb20190716142423.jpg",
      "sontype":[
      ]
    },
    {
      "id":"3",
      "name":"\u5bb6\u7535\u6e05\u6d17",
      "thumb":"http:\/\/sj.dkjis.com\/uploads\/typethumb\/typethumb20190716143702.jpg",
      "sontype":[
      ]
    },
    {
      "id":"4",
      "name":"\u642c\u5bb6\u62c9\u8d27",
      "thumb":"http:\/\/sj.dkjis.com\/uploads\/typethumb\/typethumb20190716143726.jpg",
      "sontype":[
      ]
    },
    {
      "id":"5",
      "name":"\u4e0a\u95e8\u5b89\u88c5",
      "thumb":"http:\/\/sj.dkjis.com\/uploads\/typethumb\/typethumb20190716143812.jpg",
      "sontype":[
      ]
    },
    {
      "id":"6",
      "name":"\u5373\u523b\u8fbe",
      "thumb":"http:\/\/sj.dkjis.com\/uploads\/typethumb\/typethumb20190716143844.jpg",
      "sontype":[
      ]
    },
    {
      "id":"7",
      "name":"\u5bb6\u5ead\u7ef4\u4fee",
      "thumb":"http:\/\/sj.dkjis.com\/uploads\/typethumb\/typethumb20190716143935.jpg",
      "sontype":[
      ]
    },
    {
      "id":"8",
      "name":"\u7ba1\u9053\u758f\u901a",
      "thumb":"http:\/\/sj.dkjis.com\/uploads\/typethumb\/typethumb20190716144113.jpg",
      "sontype":[
      ]
    },
    {
      "id":"9",
      "name":"\u5f00\u9501\u6362\u9501",
      "thumb":"http:\/\/sj.dkjis.com\/uploads\/typethumb\/typethumb20190716144153.jpg",
      "sontype":[
      ]
    }],
  "extime":1565943435
}
