{
  "typeData":[
    {
      "id":"1",
      "name":"\u4fdd\u6d01"
    },
    {
      "id":"2",
      "name":"\u4e0a\u95e8\u7ef4\u4fee"
    },
    {
      "id":"3",
      "name":"\u5bb6\u7535\u6e05\u6d17"
    },
    {
      "id":"4",
      "name":"\u642c\u5bb6\u62c9\u8d27"
    },
    {
      "id":"5",
      "name":"\u4e0a\u95e8\u5b89\u88c5"
    },
    {
      "id":"6",
      "name":"\u5373\u523b\u8fbe"
    },
    {
      "id":"7",
      "name":"\u5bb6\u5ead\u7ef4\u4fee"
    },
    {
      "id":"8",
      "name":"\u7ba1\u9053\u758f\u901a"
    },
    {
      "id":"9",
      "name":"\u5f00\u9501\u6362\u9501"
    }],
  "shopData":[
    {
      "id":"1",
      "name":"\u5a04\u5c0f\u5305"
    }],
  "tagData":"",
  "data":[
    {
      "id":"1",
      "typeid":"10",
      "shop_typeid":"1",
      "unitid":"2",
      "projecttagid":"3,4,5,6,7,8,9,10",
      "shopid":"1",
      "name":"\u65e5\u5e38\u4fdd\u6d01",
      "thumb":"http:\/\/sj.dkjis.com\/uploads\/projectthumb\/projectthumb20190717112743.jpg",
      "video":"",
      "describe":"\u65e5\u5e38\u4fdd\u6d01\u6d4b\u7b97\u51fa\u6d4b\u8bd5\u6d4b\u8bd5",
      "original_price":50,
      "price":29,
      "purchase":"100",
      "purchase_price":"0",
      "trade_num":"0",
      "service_length_time":"0",
      "service_areaid":"[\"1\"]",
      "service_time":{
        "start":"09:00:00",
        "end":"22:00:00"
      },
      "making_time":null,
      "advance_making_time":"0",
      "content":"",
      "ordernum":"0",
      "sort":"1",
      "status":"1",
      "created":"0",
      "modify":"0",
      "typename":"\u4fdd\u6d011",
      "shoptypename":"\u4fdd\u6d01",
      "areaArr":[
        {
          "name":"\u5317\u4eac"
        }],
      "shopname":"\u5a04\u5c0f\u5305"
    }]
}