{
  "code":200,
  "userinfo":{
    "id":"1",
    "from_user":"",
    "type":"1",
    "roleid":"3",
    "shopid":"0",
    "is_notice_boss":"0",
    "username":"6f1e85121db85f56a58f530c4a8b6049",
    "password":"\u5bc6\u7801",
    "salt":"xfcwGz",
    "mobile":"",
    "email":"",
    "avatar":"http:\/\/thirdwx.qlogo.cn\/mmopen\/s7gMiaJZLnHdibdoslI9H5RT5F6MnkoR86apq2m6Q1DJKRicKNWugmn8C8hC4ib5INNtxIo4HsiafkcEEibdl9lVxp007ib76Ba7iaibn\/132",
    "credits":"0",
    "ordernums":"0",
    "order_price":"0",
    "success_price":"0",
    "status":"1",
    "lastip":"167772185",
    "lastdate":"1563254576",
    "lastorderdate":"0",
    "areaid":"0",
    "remark":"",
    "lat":"0.0000000000",
    "lng":"0.0000000000",
    "cityname":"",
    "islock":"1",
    "member_id":"4",
    "oauth_open_id":"olhW21NC_5PcvydEGDnsy_xIe86Q",
    "unionid":"",
    "oauth_token":"",
    "nickname":"\u5a04\u83b9",
    "gender":"1",
    "country":"\u4e2d\u56fd",
    "province":"\u6c5f\u897f",
    "city":"\u5409\u5b89",
    "is_concerned":"1",
    "subscribe_time":"1535697378",
    "subscribe_scene":"ADD_SCENE_OTHERS",
    "scene":"1"
  }
}
